A,[O-]C([C@@H]([NH3+])C)=O
R,[O-]C([C@H](CCCNC([NH3+])=N)[NH3+])=O
N,[H][NH2+][C@@H](CC(N)=O)C([O-])=O
D,[H][NH2+][C@H](C([O-])=O)CC([O-])=O
C,[H][NH2+][C@H](C([O-])=O)CS
Q,[H][NH2+][C@@H](CCC(N)=O)C([O-])=O
E,[H][NH2+][C@@H](CCC([O-])=O)C([O-])=O
G,[H][NH2+]CC([O-])=O
H,[H][NH2+][C@H](C([O-])=O)CC1=CN=C[NH2+]1
I,[H][NH2+][C@]([C@H](CC)C)([H])C([O-])=O
L,[H][NH2+][C@@H](CC(C)C)C([O-])=O
K,[H][NH2+][C@@H](CCCC[NH3+])C([O-])=O
M,[H][NH2+][C@H](C([O-])=O)CCSC
F,[H][NH2+][C@H](C([O-])=O)CC1=CC=CC=C1
P,[H][NH+]1CCC[C@H]1C([O-])=O
S,[H][NH2+][C@@H](CO)C([O-])=O
T,[H][NH2+][C@]([C@@H](C)O)([H])C([O-])=O
W,[H][NH2+][C@H](C([O-])=O)CC1=C[NH2+]C2=C1C=CC=C2
Y,[H][NH2+][C@H](C([O-])=O)CC1=CC=C(O)C=C1
V,[H][NH2+][C@@H](C(C)C)C([O-])=O
